"ID", "FIRST_NAME", "SEX", "MAJOR", "CITIZENSHIP"
"9578", "Mohammad \"Mo\"", "M", "PSY", "AE"
"7277", "Javier \"Jay\"", "M", "ART", "PM"
"7445", "Swathi", "F", "PSY", "IN"
"0987", "Mehmet", "M", "PSY", "TU"
"7438", "Prakarn", "M", "PSY", "TH"
"7528", "Katerina", "F", "PSY", "MK"
"9777", "Anuj", "M", "PSY", "IN"
"3806", "Evren", "M", "PSY", "TU"
"7418", "Pinying", "F", "PSY", "TW"
"7441", "Ami", "F", "PSY", "IN"
"7404", "Mahmoud", "M", "ART", "LE"
"7516", "Tengyuan", "M", "PSY", "CH"
"9937", "Kaustubh", "M", "PSY", "IN"
"7988", "Marcello", "M", "ART", "BR"
"7232", "Abdelhak", "M", "ART", "MO"
"7489", "Abdulmenap", "M", "PSY", "TU"
"7058", "Moses", "M", "PSY", "LI"
"7438", "Shraddha", "F", "PSY", "IN"
"7263", "Jian", "M", "ART", "CH"
"7285", "Mani", "M", "PSY", "IN"
"8963", "Kunal", "M", "PSY", "IN"
"7293", "Kai", "M", "PSY", "CH"
"7489", "Yen-Hsun", "M", "PSY", "TW"
"2022", "Jun", "M", "PSY", "CH"
"7511", "Shun", "M", "ART", "CH"
"7472", "Sushant", "M", "ART", "IN"
"7452", "Vipul", "M", "PSY", "IN"
"7505", "Sandhya", "F", "PSY", "IN"
"7820", "Hassan", "M", "PSY", "IN"
"0787", "Chinmay", "M", "PSY", "IN"
"0849", "Ayah", "F", "PSY", "SY"
"7472", "Sida", "M", "PSY", "CH"
"7439", "Ziao", "M", "PSY", "CH"
"7511", "Manjusha", "F", "PSY", "IN"
"7978", "Roxanne", "F", "PSY", "  "
"7539", "Hsiang-Li", "M", "PSY", "TW"
"7239", "Sandeep", "M", "PSY", "IN"
"7410", "William", "M", "ART", "BR"
"7292", "Nima", "M", "PSY", "IR"
"7298", "Pramod", "M", "PSY", "IN"
"0836", "Long", "M", "PSY", "  "
"7223", "Amit", "M", "PSY", "IN"
"7174", "Prachi", "F", "PSY", "IN"
"7677", "Amee", "F", "PSY", "IN"
"7443", "Pritesh", "M", "PSY", "US"
"7516", "Thanakij", "M", "PSY", "TH"
"7489", "Rimmel", "F", "PSY", "IN"
"7486", "Vineet", "M", "PSY", "IN"
"7481", "Guanyang", "M", "ART", "CH"
"7472", "Shishira", "F", "ART", "IN"
"7435", "Sridhar", "M", "PSY", "IN"
"7436", "Krishna", "M", "PSY", "IN"
"7516", "Elham", "F", "ART", "IR"
"0808", "Byron", "M", "PSY", "  "
"0849", "Prasanna", "M", "ART", "IN"
"7517", "Abhishek", "M", "PSY", "IN"
"7026", "Shachi", "F", "PSY", "IN"
"7665", "Yi", "M", "PSY", "CH"
"7281", "Roberto", "M", "PSY", ""
"0702", "Wei", "M", "ART", "CH"
"2000", "Zheyi", "M", "PSY", "CH"
"7683", "Ozgur", "M", "ART", "TU"
"7695", "Yang", "M", "PSY", "CH"
"7517", "Haiyan", "F", "PSY", "CH"
"7923", "Tong", "M", "PSY", "CH"
"7768", "Wenqian", "M", "PSY", "CH"
"0980", "Xuyan", "F", "ART", "CH"
"7486", "Po-Yuan", "M", "PSY", "TW"
"9454", "Zhongxun", "M", "PSY", "CH"
"7744", "Xin", "F", "PSY", "CH"
"7565", "Chunlei", "M", "PSY", "CH"
"7241", "Jianan", "F", "PSY", "CH"
"7568", "Lianyu", "F", "PSY", "CH"
